filename,title,description,slug,date,categories,tags,keywords
adhd-afraid-of-being-seen.md,ADHD Afraid of Being Seen: Why It Happens & How to Feel Safe Being You,"Learn why ADHD can make you afraid of being seen and discover expert-backed strategies to overcome fear of judgment, social anxiety, and self-doubt.",adhd-afraid-of-being-seen,2025-05-14,ADHD Guides,"ADHD fear of judgment, ADHD social anxiety, overcoming ADHD stigma, ADHD self-expression, ADHD and public speaking, ADHD emotional support, ADHD acceptance strategies","ADHD fear of judgment, ADHD social anxiety, overcoming ADHD stigma, ADHD self-expression, ADHD and public speaking, ADHD emotional support, ADHD acceptance strategies"
adhd-always-be-doing.md,ADHD Always Be Doing: Why You Can‚Äôt Stop & How to Harness It,"Discover why people with ADHD always need to be doing something. Learn how to embrace your endless energy and turn it into creativity, focus, and fun.",adhd-always-be-doing,2025-05-14,ADHD Guides,"ADHD creativity, ADHD productivity tips, embracing ADHD, ADHD multitasking strategies, ADHD energy channeling, ADHD adult lifestyle, ADHD playful approaches","ADHD creativity, ADHD productivity tips, embracing ADHD, ADHD multitasking strategies, ADHD energy channeling, ADHD adult lifestyle, ADHD playful approaches"
adhd-always-in-trouble.md,Why People with ADHD Always Get in Trouble & How to Stop It,"Discover why people with ADHD often feel ‚Äúalways in trouble‚Äù‚Äîand how to turn it into a strength. Real stories, expert tips, and hope for kids and adults alike.",adhd-always-in-trouble,2025-05-14,ADHD Guides,"ADHD trouble at school, ADHD impulsivity stories, managing ADHD chaos, ADHD and constant movement, emotional impact of ADHD, ADHD adult coping strategies, navigating ADHD challenges","ADHD trouble at school, ADHD impulsivity stories, managing ADHD chaos, ADHD and constant movement, emotional impact of ADHD, ADHD adult coping strategies, navigating ADHD challenges"
adhd-ambition-burnout-loop.md,ADHD Ambition Burnout Loop: How to Break Free & Get Things Done,"Learn how the ADHD ambition burnout loop keeps you stuck ‚Äî and discover practical ways to manage big dreams, avoid burnout, and finally follow through.",adhd-ambition-burnout-loop,2025-05-14,ADHD Guides,"ADHD ambition burnout, managing ADHD dreams, ADHD project completion, overcoming ADHD burnout, ADHD motivation tips, sustaining energy with ADHD, ADHD productivity strategies","ADHD ambition burnout, managing ADHD dreams, ADHD project completion, overcoming ADHD burnout, ADHD motivation tips, sustaining energy with ADHD, ADHD productivity strategies"
adhd-and-guilt-doing-nothing.md,ADHD and Guilt Doing Nothing: Why You Feel It and How to Let It Go,"Struggle with ADHD and guilt when doing nothing? Learn why it happens, how to reframe rest, and finally ditch the shame for good.",adhd-and-guilt-doing-nothing,2025-05-14,ADHD Guides,"ADHD guilt doing nothing, ADHD rest periods, managing ADHD guilt, ADHD productivity challenges, ADHD emotional well-being, guilt-free rest ADHD, ADHD self-compassion strategies","ADHD guilt doing nothing, ADHD rest periods, managing ADHD guilt, ADHD productivity challenges, ADHD emotional well-being, guilt-free rest ADHD, ADHD self-compassion strategies"
adhd-anxiety-on-weekends.md,ADHD Anxiety on Weekends: Why It Gets Worse & How to Find Peace,"Struggling with ADHD anxiety on weekends? Discover why it spikes and practical ways to manage it. Get calm, structure, and joy back into your weekends.",adhd-anxiety-on-weekends,2025-05-14,ADHD Guides,"ADHD weekend anxiety, managing ADHD on weekends, ADHD relaxation techniques, coping with ADHD chaos, ADHD playful coping strategies, dealing with ADHD impulsivity, ADHD and weekend productivity","ADHD weekend anxiety, managing ADHD on weekends, ADHD relaxation techniques, coping with ADHD chaos, ADHD playful coping strategies, dealing with ADHD impulsivity, ADHD and weekend productivity"
adhd-anxious-attachment.md,ADHD Anxious Attachment: How It Affects Relationships & What To Do,"Learn how ADHD and anxious attachment interact, how they affect relationships, and practical ways to feel more secure. Discover relatable stories, expert tips, and strategies to soothe your mind and build stronger bonds.",adhd-anxious-attachment,2025-05-14,ADHD Guides,"ADHD anxious attachment strategies, ADHD relationship tips, managing anxious attachment with ADHD, ADHD attachment style, ADHD adult emotional support, ADHD playful coping techniques, ADHD anxiety connection","ADHD anxious attachment strategies, ADHD relationship tips, managing anxious attachment with ADHD, ADHD attachment style, ADHD adult emotional support, ADHD playful coping techniques, ADHD anxiety connection"
adhd-bad-kid-label.md,ADHD Bad Kid Label: Why It Happens & How to Change the Story,"Break free from the harmful 'ADHD bad kid' label. Learn why it sticks, how to reframe behaviors, and empower your child‚Äôs unique strengths.",adhd-bad-kid-label,2025-05-07,ADHD Guides,"ADHD stigma in education, ADHD misunderstood behavior, positive ADHD parenting, ADHD school support, reframing ADHD labels, ADHD child empowerment","ADHD bad kid label, ADHD stigma in education, positive ADHD parenting, misunderstood ADHD behaviors, empowering ADHD kids, ADHD child support strategies"
adhd-big-dreams-no-follow-through.md,"ADHD Big Dreams, No Follow-Through: Why It Happens & How to Finally Finish Things","Struggle with ADHD big dreams and no follow-through? Discover why it happens, how to work with your brain, and start finishing what you imagine.",adhd-big-dreams-no-follow-through,2025-05-03,ADHD Guides,"ADHD big dreams, ADHD follow-through struggles, ADHD unfinished projects, ADHD productivity hacks, ADHD motivation tools, finishing ADHD projects","ADHD big dreams, ADHD no follow through, ADHD unfinished projects, how to finish tasks with ADHD, ADHD productivity tips, ADHD creative project follow-through"
adhd-breaks-trigger-panic.md,ADHD Breaks Trigger Panic: Why Downtime Feels Unsettling & How to Find Calm,Do breaks make you panic with ADHD? Learn why downtime triggers anxiety and discover calming strategies to make rest actually restful.,adhd-breaks-trigger-panic,2025-05-03,ADHD Guides,"ADHD break anxiety, panic during ADHD breaks, ADHD downtime stress, relaxing with ADHD, ADHD rest strategies, adult ADHD calm techniques","ADHD breaks trigger panic, ADHD break anxiety, panic during ADHD breaks, relaxing with ADHD, ADHD downtime stress, how to rest with ADHD"
adhd-breakups-and-blame.md,ADHD Breakups: Why They Hurt So Much & How to Let Go of the Blame,"Struggling after an ADHD breakup? Learn why it hurts more, how ADHD affects relationships, and ways to stop blaming yourself and start healing.",adhd-breakups-and-blame,2025-05-07,ADHD Guides,"ADHD breakup recovery, ADHD and emotional regulation, letting go after ADHD breakup, ADHD relationship patterns, coping with ADHD heartbreak, blame and ADHD, ADHD and communication issues","ADHD breakup recovery, ADHD and emotional regulation, letting go after ADHD breakup, coping with ADHD heartbreak, ADHD relationship patterns, blame and ADHD"
adhd-brilliant-but-blocked.md,ADHD Brilliant But Blocked: How to Break Through Mental Paralysis & Start Creating,Feel stuck with big ADHD ideas but no action? Learn why your brilliance gets blocked and discover playful ways to finally unlock your creative flow.,adhd-brilliant-but-blocked,2025-05-07,ADHD Guides,"ADHD creativity block, unlocking ADHD potential, ADHD paralysis, ADHD project momentum, overcoming ADHD stuckness, finishing ADHD ideas","ADHD creativity block, ADHD brilliant but blocked, overcoming ADHD paralysis, unlocking ADHD potential, finishing ADHD projects, ADHD mental block solutions"
adhd-cant-enjoy-leisure.md,ADHD Can‚Äôt Enjoy Leisure: Why Relaxation Feels Wrong & How to Reclaim Joyful Downtime,"Struggle to enjoy free time with ADHD? Discover why leisure feels hard, and explore playful, practical ways to make rest feel rewarding again.",adhd-cant-enjoy-leisure,2025-05-03,ADHD Guides,"ADHD can't enjoy leisure, ADHD and restlessness, relaxing with ADHD, ADHD and leisure struggles, making leisure work with ADHD, playful ADHD downtime, ADHD rest and joy","ADHD can't enjoy leisure, relaxing with ADHD, ADHD leisure struggles, making rest enjoyable for ADHD, ADHD restlessness, ADHD downtime tips"
adhd-cant-execute.md,ADHD Can‚Äôt Execute: Why Simple Tasks Feel Impossible & How to Start Moving Again,"Feel stuck because ADHD makes it hard to execute tasks? Learn why this happens and discover playful, practical ways to get unstuck and feel capable again.",adhd-cant-execute,2025-05-07,ADHD Guides,"ADHD can't execute, ADHD executive dysfunction, ADHD task paralysis, getting unstuck with ADHD, managing ADHD tasks, playful ADHD productivity, ADHD daily execution","ADHD can't execute, executive dysfunction ADHD, task paralysis ADHD, how to start with ADHD, getting things done with ADHD, ADHD productivity support"
adhd-cant-explain-yourself.md,ADHD Can‚Äôt Explain Yourself: Why It‚Äôs Hard to Find the Words & How to Be Understood,"Struggle to explain your thoughts with ADHD? Learn why finding the words is tough and discover playful, validating ways to be heard and understood.",adhd-cant-explain-yourself,2025-05-03,ADHD Guides,"ADHD communication struggles, explaining ADHD thoughts, ADHD and self-expression, ADHD word-finding issues, how to explain ADHD, being understood with ADHD, ADHD storytelling help","ADHD can't explain yourself, ADHD communication struggles, explaining ADHD thoughts, how to talk about ADHD, being understood with ADHD, ADHD self-expression"
adhd-cant-just-chill.md,ADHD Can‚Äôt Just Chill: Why Relaxing Feels Hard & How to Embrace Your Buzzing Brain,Always on edge with ADHD and can't relax? Discover why chilling out is tough for ADHD brains and playful ways to feel more at ease with your energy.,adhd-cant-just-chill,2025-05-03,ADHD Guides,"ADHD can‚Äôt relax, why ADHD can't chill, ADHD brain always on, ADHD restlessness explained, ADHD managing downtime, relaxation with ADHD, ADHD self-acceptance","ADHD can't relax, why ADHD can't chill, ADHD restlessness, relaxation and ADHD, managing ADHD downtime, ADHD brain overstimulation"
adhd-cant-relax.md,ADHD Can‚Äôt Relax: Why It‚Äôs So Hard to Unwind & How to Actually Chill,"Struggle to relax with ADHD? Learn why your brain resists rest and discover cozy, playful strategies to finally feel calm and at ease with yourself.",adhd-cant-relax,2025-05-03,ADHD Guides,"ADHD can't relax, ADHD relaxation challenges, relaxing with ADHD, ADHD and anxiety, calming ADHD brain, ADHD soothing techniques, ADHD-friendly ways to unwind","ADHD can't relax, relaxing with ADHD, ADHD brain can't stop, ADHD relaxation strategies, calming ADHD mind, ADHD and restlessness"
adhd-cant-sit-still.md,ADHD Can‚Äôt Sit Still: Why Movement Helps & How to Channel Your Energy,Struggle with restlessness and hyperactivity? Discover why ADHD makes it hard to sit still and explore playful ways to embrace and redirect your energy.,adhd-cant-sit-still,2025-05-03,ADHD Guides,"ADHD can't sit still, ADHD hyperactivity in adults, channeling ADHD energy, ADHD restlessness tips, movement-based ADHD strategies, ADHD fidgeting solutions, creative ADHD outlets","ADHD can't sit still, ADHD restlessness, channeling ADHD energy, movement strategies for ADHD, ADHD hyperactivity, ADHD energy management"
adhd-cant-slow-down.md,ADHD Can‚Äôt Slow Down: Why Your Fast Brain Isn‚Äôt a Flaw & How to Harness It,"Does your ADHD brain feel like it‚Äôs always racing? Learn why slowing down is hard and how to channel your fast mind into creative, joyful momentum.",adhd-cant-slow-down,2025-05-03,ADHD Guides,"ADHD can't slow down, ADHD hyperactivity, fast ADHD brain, managing ADHD energy, ADHD creativity strategies, embracing ADHD speed, productive ADHD techniques","ADHD can't slow down, ADHD hyperactivity in adults, fast ADHD brain, managing ADHD energy, ADHD and productivity, embracing ADHD mind speed"
adhd-carrying-school-shame.md,ADHD Carrying School Shame: How to Heal From Old Hurts & Reclaim Your Confidence,Still feel the weight of school shame from ADHD? Learn how those experiences shape you and discover empowering ways to rewrite your story and feel free.,adhd-carrying-school-shame,2025-05-07,ADHD Guides,"ADHD school shame, overcoming ADHD academic trauma, ADHD and self-worth, healing ADHD school wounds, ADHD self-acceptance journey, emotional resilience ADHD, ADHD and confidence","ADHD school shame, overcoming ADHD school trauma, healing ADHD emotional wounds, ADHD and confidence, adult ADHD and past shame, ADHD self-worth recovery"
adhd-childhood-labels.md,ADHD Childhood Labels: How to Reframe the Past & Embrace Your True Self,"Labeled early on for your ADHD? Learn how to shed old stigmas, reframe your story, and rediscover your strengths with warmth, humor, and clarity.",adhd-childhood-labels,2025-05-07,ADHD Guides,"ADHD childhood labels, reframing ADHD identity, ADHD self-acceptance, overcoming ADHD stigma, ADHD emotional healing, playful ADHD perspective, embracing neurodiversity","ADHD childhood labels, reframing ADHD labels, overcoming ADHD stigma, healing from ADHD shame, embracing ADHD identity, ADHD self-acceptance"
adhd-compliment-doubt.md,ADHD Compliment Doubt: Why It‚Äôs Hard to Accept Praise & How to Truly Feel Seen,"Struggle to accept compliments with ADHD? Learn why doubt creeps in and explore playful ways to feel validated, confident, and emotionally safe.",adhd-compliment-doubt,2025-05-03,ADHD Guides,"ADHD compliment doubt, accepting praise with ADHD, ADHD and self-worth, ADHD emotional validation, coping with ADHD doubt, ADHD and low self-esteem, ADHD self-acceptance tools","ADHD compliment doubt, accepting praise with ADHD, ADHD and self-worth, emotional validation ADHD, overcoming ADHD doubt, ADHD self-esteem help"
adhd-connection-overwhelm.md,Beat ADHD Connection Overwhelm ‚Äì Find Joy & Ease Today!,"Discover how to manage ""ADHD connection overwhelm"" with our warm, playful guide. Feel seen and understood as we explore emotional insights together, one flower at a time.",adhd-connection-overwhelm,2025-05-03,ADHD Guides,"ADHD connection overwhelm, managing social fatigue ADHD, ADHD friendship challenges, coping with ADHD overstimulation, ADHD social interaction tips, navigating ADHD relationships, ADHD and social overwhelm","ADHD connection overwhelm, managing social fatigue ADHD, ADHD friendship challenges, coping with ADHD overstimulation, ADHD social interaction tips, navigating ADHD relationships, ADHD and social overwhelm"
adhd-constant-overthinking.md,Ease Your Mind: ADHD Constant Overthinking Solutions!,Explore 'ADHD Constant Overthinking'‚Äîa cozy corner where your bustling mind feels understood. Discover playful insights that untangle thoughts and uplift spirits!,adhd-constant-overthinking,2025-05-03,ADHD Guides,"ADHD overthinking strategies, managing ADHD mind racing, ADHD thought patterns, playful ADHD coping techniques, adult ADHD overthinking, ADHD creative thinking, ADHD mind management tips","ADHD overthinking strategies, managing ADHD mind racing, ADHD thought patterns, playful ADHD coping techniques, adult ADHD overthinking, ADHD creative thinking, ADHD mind management tips"
adhd-constant-self-doubt.md,Beat ADHD Constant Self Doubt: Embrace Your Brilliance!,"Dive into our blog on ""adhd constant self doubt"" to feel seen and embraced! Discover playful insights and glittery paths to overcome self-doubt. üåü",adhd-constant-self-doubt,2025-05-07,ADHD Guides,"ADHD and self-doubt, managing ADHD self-doubt, ADHD self-doubt strategies, coping with ADHD uncertainty, overcoming ADHD mental hurdles, adult ADHD emotional challenges, playful approaches to ADHD self-doubt","ADHD and self-doubt, managing ADHD self-doubt, ADHD self-doubt strategies, coping with ADHD uncertainty, overcoming ADHD mental hurdles, adult ADHD emotional challenges, playful approaches to ADHD self-doubt"
adhd-crash-after-focus.md,Beat the ADHD Crash After Focus - Feel Energized!,"Feeling deflated after a hyper-focus high? Our blog on 'ADHD crash after focus' offers a cozy hug of understanding and tips to recharge. You're not alone, superhero!",adhd-crash-after-focus,2025-05-03,ADHD Guides,"ADHD focus crash recovery, managing ADHD energy dips, ADHD productivity tips, emotional impact of ADHD fatigue, strategies for post-focus ADHD crash, coping with ADHD exhaustion, rejuvenation tips for ADHD adults","ADHD focus crash recovery, managing ADHD energy dips, ADHD productivity tips, emotional impact of ADHD fatigue, strategies for post-focus ADHD crash, coping with ADHD exhaustion, rejuvenation tips for ADHD adults"
adhd-do-i-deserve-love.md,"adhd do i deserve love: ""ADHD & Love: Why You Absolutely Deserve It!""","Exploring 'adhd do i deserve love?' Uncover why your vibrant mind deserves the coziest, warmest nest of love. Feel seen, understood, and deeply valued!",adhd-do-i-deserve-love,2025-05-07,ADHD Guides,"ADHD and relationships, ADHD love acceptance, deserving love with ADHD, ADHD relationship challenges, ADHD emotional support, adult ADHD love, ADHD self-esteem","ADHD and relationships, ADHD love acceptance, deserving love with ADHD, ADHD relationship challenges, ADHD emotional support, adult ADHD love, ADHD self-esteem"
adhd-doing-too-much.md,Stop Overload! Find Joy in 'ADHD Doing Too Much',"Feeling overwhelmed by ""ADHD doing too much""? Dive into our cozy blog where we understand the whirlwind and help you find calm and clarity in the chaos.",adhd-doing-too-much,2025-05-03,ADHD Guides,"ADHD multitasking challenges, managing ADHD overactivity, ADHD productivity tips, ADHD and task overload, playful ADHD coping strategies, ADHD and balancing tasks, ADHD doing too much","ADHD multitasking challenges, managing ADHD overactivity, ADHD productivity tips, ADHD and task overload, playful ADHD coping strategies, ADHD and balancing tasks, ADHD doing too much"
adhd-dont-fit-in.md,ADHD dont fit in: Feel Unique: Why 'ADHD Don't Fit In' is Your Superpower!,"ADHD dont fit in: Feel like a bouncy ball in a world of marbles? ""ADHD don't fit in"" embraces your unique spark! Join us for stories that celebrate your vibrant mind and uplift your spirit.",adhd-dont-fit-in,2025-05-03,ADHD Guides,"ADHD feeling different, ADHD adults not fitting in, ADHD playful coping, ADHD creativity benefits, ADHD unique perspectives, ADHD community support, ADHD social challenges","ADHD feeling different, ADHD adults not fitting in, ADHD playful coping, ADHD creativity benefits, ADHD unique perspectives, ADHD community support, ADHD social challenges"
adhd-dreams-vs-reality.md,Unlock Joy: ADHD Dreams vs Reality - Embrace the Magic!,"Explore the vibrant world of ""ADHD dreams vs reality"" where every misstep is a step towards greatness. Feel seen, understood, and inspired as we transform oops into triumphs together!",adhd-dreams-vs-reality,2025-05-03,ADHD Guides,"ADHD dreams vs reality, adult ADHD dream interpretation, managing ADHD expectations, ADHD creative thinking, balancing ADHD life, ADHD motivation strategies, turning ADHD challenges into opportunities","ADHD dreams vs reality, adult ADHD dream interpretation, managing ADHD expectations, ADHD creative thinking, balancing ADHD life, ADHD motivation strategies, turning ADHD challenges into opportunities"
adhd-emotional-collapse.md,Survive ADHD Emotional Collapse: Tips to Reclaim Joy!,"Navigate your 'ADHD emotional collapse' with warmth and understanding. Discover comforting insights and feel seen in our playful, uplifting blog. Press reset with us!",adhd-emotional-collapse,2025-05-03,ADHD Guides,"ADHD emotional regulation, managing ADHD overwhelm, ADHD coping strategies for adults, emotional dysregulation ADHD, ADHD emotional support, adult ADHD emotional outbursts, resetting after an ADHD meltdown","ADHD emotional regulation, managing ADHD overwhelm, ADHD coping strategies for adults, emotional dysregulation ADHD, ADHD emotional support, adult ADHD emotional outbursts, resetting after an ADHD meltdown"
adhd-expectation-vs-reality.md,"adhd expectation vs reality: ""Unmasking ADHD: Expectation vs. Reality ‚Äì Find Joy & Insight!""","Dive into ""ADHD Expectation vs Reality"" and discover the humorous, heartwarming truths of ADHD life. Feel seen, understood, and joyfully validated!",adhd-expectation-vs-reality,2025-05-07,ADHD Guides,"ADHD expectations vs reality, adult ADHD lifestyle, managing ADHD unpredictability, ADHD humor and insights, ADHD daily challenges, ADHD creative thinking, ADHD coping strategies for adults","ADHD expectations vs reality, adult ADHD lifestyle, managing ADHD unpredictability, ADHD humor and insights, ADHD daily challenges, ADHD creative thinking, ADHD coping strategies for adults"
adhd-failure-identity.md,Beat ADHD Failure Identity: Find Joy & Success!,"Explore the ""adhd failure identity"" with us and find comfort in knowing you're not alone. This blog offers a warm hug of words, inviting you to embrace your vibrant, bouncy mind. Feel seen, understood, and uplifted with every read!",adhd-failure-identity,2025-05-07,ADHD Guides,"ADHD failure identity, embracing ADHD imperfections, ADHD self-acceptance, ADHD emotional resilience, overcoming ADHD challenges, ADHD playful coping strategies, managing ADHD in adulthood","ADHD failure identity, embracing ADHD imperfections, ADHD self-acceptance, ADHD emotional resilience, overcoming ADHD challenges, ADHD playful coping strategies, managing ADHD in adulthood"
adhd-fake-success.md,Unlock Real Joy: Beyond ADHD Fake Success Myths!,"Unpack the 'ADHD fake success' with us and discover the real treasures in your journey. Feel seen and uplifted as we explore together, squirrel-style!",adhd-fake-success,2025-05-03,ADHD Guides,"ADHD fake success, overcoming ADHD impostor syndrome, ADHD productivity myths, ADHD success stories, ADHD coping strategies, playful ADHD advice, ADHD validation tips","ADHD fake success, overcoming ADHD impostor syndrome, ADHD productivity myths, ADHD success stories, ADHD coping strategies, playful ADHD advice, ADHD validation tips"
adhd-fear-being-unlovable.md,"adhd fear being unlovable: ""Feel Loved: Overcome ADHD Fear of Being Unlovable!""","Explore how 'ADHD fear being unlovable' is just a myth! This cozy blog offers warmth and understanding, reminding you that your unique bounce is lovable.",adhd-fear-being-unlovable,2025-05-07,ADHD Guides,"ADHD and feeling unlovable, coping with ADHD in relationships, ADHD emotional regulation, self-acceptance with ADHD, ADHD and relationship anxiety, managing ADHD symptoms in love, ADHD adult love life","ADHD and feeling unlovable, coping with ADHD in relationships, ADHD emotional regulation, self-acceptance with ADHD, ADHD and relationship anxiety, managing ADHD symptoms in love, ADHD adult love life"
adhd-fear-intimacy.md,"adhd fear intimacy: ""Unlock Love: Conquer ADHD Fear of Intimacy & Thrive!""","Explore how ""ADHD fear intimacy"" impacts relationships in our warm, playful blog. Feel seen and learn gentle ways to open your heart. Let's navigate this together!",adhd-fear-intimacy,2025-05-07,ADHD Guides,"ADHD intimacy challenges, managing ADHD relationship fears, ADHD fear of closeness, ADHD emotional connections, understanding ADHD in relationships, navigating intimacy with ADHD, ADHD relationship anxiety","ADHD intimacy challenges, managing ADHD relationship fears, ADHD fear of closeness, ADHD emotional connections, understanding ADHD in relationships, navigating intimacy with ADHD, ADHD relationship anxiety"
adhd-fear-of-abandonment.md,Conquer ADHD Fear of Abandonment: Feel Secure & Loved!,"Discover how to navigate the ""ADHD fear of abandonment"" with heartwarming insights. This blog comforts, understands, and reassures you're not alone. Feel seen and uplifted with every word!",adhd-fear-of-abandonment,2025-05-07,ADHD Guides,"ADHD abandonment issues, managing ADHD relationships, ADHD emotional regulation, ADHD friendship challenges, ADHD anxiety coping strategies, adult ADHD social skills, ADHD communication tips","ADHD abandonment issues, managing ADHD relationships, ADHD emotional regulation, ADHD friendship challenges, ADHD anxiety coping strategies, adult ADHD social skills, ADHD communication tips"
adhd-fear-of-being-found-out.md,Conquer ADHD Fear of Being Found Out & Thrive!,Explore the 'ADHD fear of being found out' with us! Feel seen and uplifted as we dive into the joys and jitters of being your unique self. Join the squad!,adhd-fear-of-being-found-out,2025-05-03,ADHD Guides,"ADHD fear of exposure, managing ADHD secret fears, adult ADHD emotional support, ADHD unfinished projects anxiety, ADHD community support, ADHD validating experiences, overcoming ADHD stigma","ADHD fear of exposure, managing ADHD secret fears, adult ADHD emotional support, ADHD unfinished projects anxiety, ADHD community support, ADHD validating experiences, overcoming ADHD stigma"
adhd-fear-of-being-too-much.md,Embrace You: Overcome ADHD Fear of Being Too Much!,Unlock the sunny window to your spirit with our blog on 'ADHD fear of being too much.' Feel embraced and uplifted as we explore how to channel your vibrant energy!,adhd-fear-of-being-too-much,2025-05-03,ADHD Guides,"ADHD emotional regulation, embracing ADHD energy, ADHD self-acceptance, ADHD fear of being too much, managing ADHD in social settings, ADHD and self-doubt, celebrating ADHD uniqueness","ADHD emotional regulation, embracing ADHD energy, ADHD self-acceptance, ADHD fear of being too much, managing ADHD in social settings, ADHD and self-doubt, celebrating ADHD uniqueness"
adhd-fear-of-connection.md,Unlock Joy: Overcome ADHD Fear of Connection Today!,"Explore the 'adhd fear of connection' with a cozy, playful guide that feels like a warm hug. Dive into emotional insights that help you feel seen and ready to bond. Let's buzz together!",adhd-fear-of-connection,2025-05-07,ADHD Guides,"ADHD relationship challenges, fear of connection ADHD, making friends with ADHD, social anxiety in ADHD, overcoming ADHD friendship fears, ADHD adult social skills, connecting with others ADHD","ADHD relationship challenges, fear of connection ADHD, making friends with ADHD, social anxiety in ADHD, overcoming ADHD friendship fears, ADHD adult social skills, connecting with others ADHD"
adhd-fear-of-disconnection.md,Feel Closer: Beat ADHD Fear of Disconnection Today!,"Explore the 'ADHD fear of disconnection' with us! Dive into a cozy, uplifting blog that makes you feel seen and guides you back to connection. Let's journey together!",adhd-fear-of-disconnection,2025-05-03,ADHD Guides,"ADHD fear of disconnection, feeling disconnected with ADHD, ADHD emotional challenges, managing ADHD disconnection, coping with ADHD isolation, ADHD and social bonds, reconnecting with ADHD friends","ADHD fear of disconnection, feeling disconnected with ADHD, ADHD emotional challenges, managing ADHD disconnection, coping with ADHD isolation, ADHD and social bonds, reconnecting with ADHD friends"
adhd-fear-of-failure.md,Conquer ADHD Fear of Failure ‚Äì Unlock Joy & Success!,"Explore the 'ADHD fear of failure' with a cozy, playful guide that makes you feel seen. Discover how every stumble is just a chance to bounce back higher!",adhd-fear-of-failure,2025-05-03,ADHD Guides,"ADHD fear of failure, overcoming ADHD challenges, ADHD anxiety management, ADHD motivational strategies, adult ADHD support, ADHD resilience techniques, ADHD playful coping","ADHD fear of failure, overcoming ADHD challenges, ADHD anxiety management, ADHD motivational strategies, adult ADHD support, ADHD resilience techniques, ADHD playful coping"
adhd-fear-of-judgment.md,Beat ADHD Fear of Judgment: Embrace Joy & Confidence!,"""Explore the 'ADHD fear of judgment' with a cozy read that feels like a warm hug! Dive into insights that make you feel seen and uplifted. Let‚Äôs juggle feathers together!""",adhd-fear-of-judgment,2025-05-07,ADHD Guides,"ADHD judgment anxiety, coping with ADHD criticism, overcoming ADHD stigma, ADHD social anxiety, ADHD acceptance, ADHD self-esteem, ADHD supportive friendships","ADHD judgment anxiety, coping with ADHD criticism, overcoming ADHD stigma, ADHD social anxiety, ADHD acceptance, ADHD self-esteem, ADHD supportive friendships"
adhd-fear-of-looking-dumb.md,Beat ADHD Fear of Looking Dumb & Shine Bright!,"Feeling that ADHD fear of looking dumb? Dive into our blog for a cozy, playful read that helps you see those fears as just another flavor in the mix!",adhd-fear-of-looking-dumb,2025-05-07,ADHD Guides,"ADHD fear of speaking up, overcoming ADHD communication fears, ADHD social anxiety tips, feeling dumb with ADHD, expressing thoughts with ADHD, ADHD self-esteem issues, managing ADHD in discussions","ADHD fear of speaking up, overcoming ADHD communication fears, ADHD social anxiety tips, feeling dumb with ADHD, expressing thoughts with ADHD, ADHD self-esteem issues, managing ADHD in discussions"
adhd-fear-of-rejection.md,Beat ADHD Fear of Rejection: Feel Loved & Accepted!,"Discover how to bounce back from the ""ADHD fear of rejection"" with our cozy guide. Feel seen, understood, and ready to embrace friendship anew. Let's hop to happiness together!",adhd-fear-of-rejection,2025-05-07,ADHD Guides,"ADHD fear of rejection, coping with rejection ADHD, ADHD social anxiety, overcoming ADHD rejection sensitivity, ADHD friendship challenges, managing ADHD emotions, ADHD adult social skills","ADHD fear of rejection, coping with rejection ADHD, ADHD social anxiety, overcoming ADHD rejection sensitivity, ADHD friendship challenges, managing ADHD emotions, ADHD adult social skills"
adhd-fear-of-stopping.md,Unlock Joy: Overcome ADHD Fear of Stopping Today!,"Explore the ""ADHD fear of stopping"" with us! This blog offers a cozy nook of understanding and strategies to gently embrace the pause. Feel seen, feel soothed, and learn to rest without the stress.",adhd-fear-of-stopping,2025-05-03,ADHD Guides,"ADHD fear of stopping, managing ADHD downtime, ADHD relaxation anxiety, ADHD and fear of inactivity, ADHD stopping strategies, coping with ADHD restlessness, ADHD and taking breaks","ADHD fear of stopping, managing ADHD downtime, ADHD relaxation anxiety, ADHD and fear of inactivity, ADHD stopping strategies, coping with ADHD restlessness, ADHD and taking breaks"
adhd-feel-alone.md,ADHD feel alone: Feel Understood: ADHD Connections That End Loneliness!,Feeling like you're the only one mapless in the ADHD amusement park? Our blog 'ADHD Feel Alone' offers a cozy space to find buddies who truly get it. Let's explore together!,adhd-feel-alone,2025-05-03,ADHD Guides,"ADHD feeling isolated, loneliness in ADHD adults, connecting with ADHD peers, ADHD emotional support, ADHD and social challenges, adult ADHD community, ADHD coping strategies","ADHD feeling isolated, loneliness in ADHD adults, connecting with ADHD peers, ADHD emotional support, ADHD and social challenges, adult ADHD community, ADHD coping strategies"
adhd-feel-dumb.md,"Beat the 'ADHD Feel Dumb' Blues with Smart, Fun Tips!","Feel like 'adhd feel dumb' sometimes? Dive into our blog where we turn that feeling into a playful, creative journey, making you feel seen and understood!",adhd-feel-dumb,2025-05-07,ADHD Guides,"ADHD feeling dumb, ADHD and self-doubt, ADHD reading challenges, ADHD focus strategies, overcoming ADHD misconceptions, ADHD and creativity, ADHD emotional support","ADHD feeling dumb, ADHD and self-doubt, ADHD reading challenges, ADHD focus strategies, overcoming ADHD misconceptions, ADHD and creativity, ADHD emotional support"
adhd-feel-lazy.md,"Beat the 'ADHD Feel Lazy' Blues with Cozy, Fun Tips!","adhd feel lazy: ""Feeling stuck when ADHD makes you feel lazy? Dive into our blog for cozy, playful insights that help you wiggle free and glide through life with a grin. You're not alone!""",adhd-feel-lazy,2025-05-07,ADHD Guides,"ADHD feeling lazy, managing ADHD fatigue, ADHD and low energy, playful ADHD coping strategies, ADHD motivational tips, overcoming ADHD inertia, ADHD adults productivity hacks","ADHD feeling lazy, managing ADHD fatigue, ADHD and low energy, playful ADHD coping strategies, ADHD motivational tips, overcoming ADHD inertia, ADHD adults productivity hacks"
adhd-feel-like-a-fraud.md,ADHD feel like a fraud: Beat Impostor Blues: Embrace ADHD & Feel Genuine!,"Discover why ""ADHD feel like a fraud"" resonates with so many. This cozy, validating blog helps you embrace your unique superhero style with a warm, understanding hug. Feel seen and uplifted with us!",adhd-feel-like-a-fraud,2025-05-03,ADHD Guides,"ADHD imposter syndrome, feeling like a fraud with ADHD, managing ADHD emotions, ADHD adult coping strategies, ADHD identity challenges, embracing ADHD uniqueness, ADHD social anxiety","ADHD imposter syndrome, feeling like a fraud with ADHD, managing ADHD emotions, ADHD adult coping strategies, ADHD identity challenges, embracing ADHD uniqueness, ADHD social anxiety"
adhd-finishing-nothing.md,End the ADHD Finishing Nothing Cycle ‚Äì Find Joy & Success!,"Struggling with ""ADHD finishing nothing""? Hop into our blog where we understand the dance of unfinished tasks and offer cozy, playful strategies to help you feel seen and uplifted.",adhd-finishing-nothing,2025-05-07,ADHD Guides,"ADHD project completion tips, managing ADHD unfinished tasks, ADHD multitasking strategies, ADHD task follow-through, finishing projects with ADHD, ADHD playful coping strategies, overcoming ADHD task hopping","ADHD project completion tips, managing ADHD unfinished tasks, ADHD multitasking strategies, ADHD task follow-through, finishing projects with ADHD, ADHD playful coping strategies, overcoming ADHD task hopping"
adhd-followthrough-fatigue.md,Beat ADHD Followthrough Fatigue: Find Joy & Success!,Discover the cozy comfort of understanding ADHD followthrough fatigue in our blog. Feel seen and uplifted as we explore ways to help your inner puppy play to the end!,adhd-followthrough-fatigue,2025-05-07,ADHD Guides,"ADHD followthrough fatigue, managing ADHD exhaustion, ADHD project completion tips, ADHD energy management strategies, ADHD task fatigue, overcoming ADHD burnout, sustaining focus with ADHD","ADHD followthrough fatigue, managing ADHD exhaustion, ADHD project completion tips, ADHD energy management strategies, ADHD task fatigue, overcoming ADHD burnout, sustaining focus with ADHD"
adhd-grind-or-collapse.md,Beat the 'ADHD Grind or Collapse' ‚Äì Thrive with Joy!,"Discover the ""ADHD grind or collapse"" blog, where we turn chaos into comfort! Unpack the superhero in you with heartfelt stories and tips that feel like a warm hug. Dive in and feel understood!",adhd-grind-or-collapse,2025-05-03,ADHD Guides,"ADHD productivity strategies, managing ADHD overwhelm, ADHD task management, ADHD work-life balance, ADHD coping mechanisms, embracing ADHD quirks, adult ADHD support","ADHD productivity strategies, managing ADHD overwhelm, ADHD task management, ADHD work-life balance, ADHD coping mechanisms, embracing ADHD quirks, adult ADHD support"
adhd-hide-your-struggles.md,Unlock Joy: How 'ADHD Hide Your Struggles' Frees You!,"Discover how 'ADHD hide your struggles' offers a warm, cozy haven where your ninja-like coping skills are not just seen but celebrated. Feel understood and uplifted!",adhd-hide-your-struggles,2025-05-03,ADHD Guides,"ADHD hiding strategies, coping with ADHD invisibly, ADHD secret struggles, playful ADHD management, ADHD adult challenges, ADHD creative coping techniques, managing ADHD with humor","ADHD hiding strategies, coping with ADHD invisibly, ADHD secret struggles, playful ADHD management, ADHD adult challenges, ADHD creative coping techniques, managing ADHD with humor"
adhd-hiding-true-self.md,ADHD hiding true self: Unmasking Joy: Embrace Your True Self Beyond ADHD!,"Discover the joy of embracing your vibrant mind with our blog on ""ADHD hiding true self."" Feel seen and uplifted as we explore how to share your unique sparkle with the world!",adhd-hiding-true-self,2025-05-03,ADHD Guides,"ADHD masking strategies, hiding ADHD symptoms, adult ADHD identity, embracing ADHD uniqueness, ADHD emotional challenges, ADHD self-expression, understanding ADHD in adults","ADHD masking strategies, hiding ADHD symptoms, adult ADHD identity, embracing ADHD uniqueness, ADHD emotional challenges, ADHD self-expression, understanding ADHD in adults"
adhd-high-functioning-struggles.md,Unmasking Joy: Thrive Amid ADHD High Functioning Struggles!,"Explore the ""ADHD high functioning struggles"" with us! Get cozy and uncover how your vibrant, bouncy-castle mind is not just busy but brilliantly creative. Feel seen and uplifted with every word!",adhd-high-functioning-struggles,2025-05-03,ADHD Guides,"high-functioning ADHD adults, ADHD creative thinking, managing ADHD distractions, ADHD focus strategies, ADHD playful coping, celebrating ADHD strengths, ADHD thought process","high-functioning ADHD adults, ADHD creative thinking, managing ADHD distractions, ADHD focus strategies, ADHD playful coping, celebrating ADHD strengths, ADHD thought process"
adhd-hustle-burnout.md,Escape ADHD Hustle Burnout: Find Joy & Balance Now!,Feeling the 'ADHD hustle burnout'? Let's park that super-charged brain and find joy in the pit stop. This blog offers a cozy nook for understanding and recharging. üåü,adhd-hustle-burnout,2025-05-03,ADHD Guides,"ADHD hustle burnout, managing ADHD in adults, ADHD energy management, ADHD productivity tips, balancing ADHD enthusiasm, burnout recovery for ADHD, ADHD and taking breaks","ADHD hustle burnout, managing ADHD in adults, ADHD energy management, ADHD productivity tips, balancing ADHD enthusiasm, burnout recovery for ADHD, ADHD and taking breaks"
adhd-hyperfocus-then-drop.md,Unlock Magic: ADHD Hyperfocus Then Drop Secrets!,Explore the whimsy of 'adhd hyperfocus then drop' in our blog! Feel seen and supported as we uncover the magic and challenges of ADHD together.,adhd-hyperfocus-then-drop,2025-05-07,ADHD Guides,"ADHD hyperfocus drop-off, managing ADHD hyperfocus, ADHD task transition, sustaining ADHD focus, ADHD productivity tips, embracing ADHD strengths, ADHD creative energy","ADHD hyperfocus drop-off, managing ADHD hyperfocus, ADHD task transition, sustaining ADHD focus, ADHD productivity tips, embracing ADHD strengths, ADHD creative energy"
adhd-i-scare-people-away.md,"adhd i scare people away: ""ADHD & Social Fears: Embrace & Connect Without Scaring Away!""","adhd i scare people away: Feel like ""ADHD, I scare people away""? Dive into our blog where we turn fears into shared laughter and understanding. Here, you're not alone but celebrated!",adhd-i-scare-people-away,2025-05-07,ADHD Guides,"ADHD communication challenges, ADHD social skills, managing ADHD relationships, ADHD and making friends, coping with ADHD symptoms, ADHD emotional regulation, ADHD adult experiences","ADHD communication challenges, ADHD social skills, managing ADHD relationships, ADHD and making friends, coping with ADHD symptoms, ADHD emotional regulation, ADHD adult experiences"
adhd-ideas-keep-coming.md,Unleash Creativity: ADHD Ideas Keep Coming & Spark Joy!,"""Explore how 'ADHD ideas keep coming' in a blog that feels like a warm hug for your buzzing mind! Discover validation and joy in your vibrant thought process.""",adhd-ideas-keep-coming,2025-05-07,ADHD Guides,"ADHD creative thinking, managing ADHD ideas, playful ADHD strategies, ADHD idea overload, embracing ADHD creativity, ADHD brainstorming techniques, ADHD whimsical thoughts","ADHD creative thinking, managing ADHD ideas, playful ADHD strategies, ADHD idea overload, embracing ADHD creativity, ADHD brainstorming techniques, ADHD whimsical thoughts"
adhd-impossible-to-live-with.md,"adhd impossible to live with: ""ADHD Feels Impossible? Find Joy & Ease in Living!""","adhd impossible to live with: ""Feeling like ADHD is impossible to live with? Dive into our blog where we turn chaos into fun, helping you feel seen and uplifted in your vibrant, pinball-like mind!""",adhd-impossible-to-live-with,2025-05-07,ADHD Guides,"ADHD creative minds, living with adult ADHD, ADHD challenges and solutions, embracing ADHD chaos, ADHD and creativity, ADHD coping strategies, ADHD playful perspective","ADHD creative minds, living with adult ADHD, ADHD challenges and solutions, embracing ADHD chaos, ADHD and creativity, ADHD coping strategies, ADHD playful perspective"
adhd-impostor-syndrome.md,Beat ADHD Impostor Syndrome: Feel Valid & Capable Now!,Unravel the mystery of ADHD impostor syndrome with us! Feel seen and uplifted as we bounce through insights that validate and celebrate your unique mind.,adhd-impostor-syndrome,2025-05-03,ADHD Guides,"ADHD impostor syndrome, adult ADHD self-doubt, overcoming ADHD stigma, ADHD creative challenges, ADHD self-identity, managing ADHD emotions, ADHD validation strategies","ADHD impostor syndrome, adult ADHD self-doubt, overcoming ADHD stigma, ADHD creative challenges, ADHD self-identity, managing ADHD emotions, ADHD validation strategies"
adhd-intense-emotions-alone.md,Feel Understood: Navigating ADHD Intense Emotions Alone!,"Discover how to navigate ""ADHD intense emotions alone"" with warmth and understanding. Dive into our blog for cozy insights and feel the rainbow after the storm.",adhd-intense-emotions-alone,2025-05-03,ADHD Guides,"ADHD emotional regulation, managing ADHD emotions alone, ADHD intense feelings, coping with ADHD mood swings, ADHD adult emotional rollercoaster, ADHD feelings of loneliness, navigating ADHD emotions","ADHD emotional regulation, managing ADHD emotions alone, ADHD intense feelings, coping with ADHD mood swings, ADHD adult emotional rollercoaster, ADHD feelings of loneliness, navigating ADHD emotions"
adhd-internalized-ableism.md,Beat ADHD Internalized Ableism & Embrace Your Spark!,"Discover how to embrace your vibrant mind with our blog on ""adhd internalized ableism."" Dive into a cozy, playful exploration that helps you feel validated and celebrated, just as you are!",adhd-internalized-ableism,2025-05-07,ADHD Guides,"ADHD internalized ableism, embracing ADHD creativity, ADHD positive mindset, ADHD self-acceptance, ADHD and self-doubt, celebrating ADHD differences, ADHD emotional support","ADHD internalized ableism, embracing ADHD creativity, ADHD positive mindset, ADHD self-acceptance, ADHD and self-doubt, celebrating ADHD differences, ADHD emotional support"
adhd-isolation-as-adult.md,ADHD isolation as adult: Beat ADHD Isolation as an Adult: Find Your Tribe!,"Discover how to tackle ""ADHD isolation as adult"" with warmth and understanding. This blog feels like finding a cozy map to connection. Join us and feel seen and uplifted!",adhd-isolation-as-adult,2025-05-03,ADHD Guides,"ADHD adult isolation, managing ADHD loneliness, ADHD adult social strategies, ADHD connection tips, adult ADHD playful coping, ADHD friendship challenges, adult ADHD community building","ADHD adult isolation, managing ADHD loneliness, ADHD adult social strategies, ADHD connection tips, adult ADHD playful coping, ADHD friendship challenges, adult ADHD community building"
adhd-labeled-as-disruptive.md,"adhd labeled as disruptive: ""Unlock Your Spark: Why Being ADHD & Disruptive Rocks!""","Discover how ""ADHD labeled as disruptive"" can actually be a sign of vibrant creativity. Dive into our blog to feel seen and celebrate your unique mind!",adhd-labeled-as-disruptive,2025-05-07,ADHD Guides,"ADHD and disruptive label, ADHD misunderstood behaviors, ADHD classroom challenges, ADHD creative minds, ADHD emotional support, rethinking ADHD perceptions, ADHD validation strategies","ADHD and disruptive label, ADHD misunderstood behaviors, ADHD classroom challenges, ADHD creative minds, ADHD emotional support, rethinking ADHD perceptions, ADHD validation strategies"
adhd-loneliness-in-relationships.md,End ADHD Loneliness in Relationships ‚Äì Find Joy & Connection!,"Discover how to navigate ""ADHD loneliness in relationships"" with warmth and understanding. Feel seen and uplifted as we explore turning loneliness into connection.",adhd-loneliness-in-relationships,2025-05-03,ADHD Guides,"ADHD relationship struggles, managing ADHD loneliness, ADHD friendship challenges, connecting with ADHD partners, overcoming ADHD isolation, ADHD emotional support, finding understanding in ADHD relationships","ADHD relationship struggles, managing ADHD loneliness, ADHD friendship challenges, connecting with ADHD partners, overcoming ADHD isolation, ADHD emotional support, finding understanding in ADHD relationships"
adhd-lonely-despite-being-social.md,ADHD lonely despite being social: Feel Seen: Conquer 'ADHD Lonely' in a Crowded Room!,"Feel ""ADHD lonely despite being social""? Explore why connection can be tricky and find comfort in knowing you're not alone. Dive into our blog for a warm hug of words!",adhd-lonely-despite-being-social,2025-05-03,ADHD Guides,"ADHD social isolation, feeling lonely with ADHD, ADHD in social settings, managing ADHD loneliness, adult ADHD social challenges, ADHD emotional regulation, connecting with others ADHD","ADHD social isolation, feeling lonely with ADHD, ADHD in social settings, managing ADHD loneliness, adult ADHD social challenges, ADHD emotional regulation, connecting with others ADHD"
adhd-longing-for-understanding.md,Find Your Tribe: ADHD Longing for Understanding,"Explore the 'ADHD longing for understanding' with us! Dive into a blog that feels like a warm hug, offering insights that make you feel seen and celebrated in your unique journey.",adhd-longing-for-understanding,2025-05-03,ADHD Guides,"ADHD understanding, ADHD emotional support, playful ADHD perspective, adult ADHD experiences, ADHD creative thinking, ADHD validation, connecting with ADHD","ADHD understanding, ADHD emotional support, playful ADHD perspective, adult ADHD experiences, ADHD creative thinking, ADHD validation, connecting with ADHD"
adhd-love-me-then-leave-me.md,"adhd love me then leave me: ""Unravel ADHD Love: Why They Adore & Vanish!""","Explore the 'ADHD love me then leave me' dance in our cozy blog, where you're not just seen‚Äîyou're celebrated. Discover emotional insights and feel uplifted!",adhd-love-me-then-leave-me,2025-05-07,ADHD Guides,"ADHD relationship challenges, ADHD emotional themes, managing ADHD in relationships, ADHD love dynamics, understanding ADHD partners, ADHD commitment issues, ADHD playful content","ADHD relationship challenges, ADHD emotional themes, managing ADHD in relationships, ADHD love dynamics, understanding ADHD partners, ADHD commitment issues, ADHD playful content"
adhd-low-self-worth.md,"adhd low self worth: ""Boost Your Spirits: Overcome ADHD Low Self-Worth Today!""","Explore ""ADHD Low Self Worth"" and discover how to embrace your unique bounce! This blog offers warm, playful insights to help you feel seen and uplifted.",adhd-low-self-worth,2025-05-07,ADHD Guides,"ADHD self-esteem issues, ADHD self-worth strategies, coping with ADHD as an adult, embracing uniqueness in ADHD, adult ADHD emotional challenges, ADHD validation techniques, overcoming ADHD insecurities","ADHD self-esteem issues, ADHD self-worth strategies, coping with ADHD as an adult, embracing uniqueness in ADHD, adult ADHD emotional challenges, ADHD validation techniques, overcoming ADHD insecurities"
adhd-masking-at-work.md,"ADHD masking at work: ""Unmask Joy: Thrive Unveiled with ADHD at Work!""","Unmask the secrets of 'ADHD masking at work' and find comfort in knowing you're not alone. Let's navigate the circus together, feeling seen and supported!",adhd-masking-at-work,2025-05-03,ADHD Guides,"ADHD masking strategies, coping with ADHD at work, hiding ADHD symptoms in office, ADHD work challenges, managing adult ADHD in workplace, ADHD and employee performance, unmasking ADHD at work","ADHD masking strategies, coping with ADHD at work, hiding ADHD symptoms in office, ADHD work challenges, managing adult ADHD in workplace, ADHD and employee performance, unmasking ADHD at work"
adhd-motivation-vanishes.md,Unlock Secrets When ADHD Motivation Vanishes!,"Feeling like your ADHD motivation vanishes just when you need it? Dive into our blog for cozy, playful tips to gently nudge your superpowers back to life!",adhd-motivation-vanishes,2025-05-07,ADHD Guides,"ADHD motivation tips, maintaining focus with ADHD, overcoming ADHD distractions, ADHD project completion, ADHD motivational strategies, regaining motivation ADHD, ADHD-friendly motivation techniques","ADHD motivation tips, maintaining focus with ADHD, overcoming ADHD distractions, ADHD project completion, ADHD motivational strategies, regaining motivation ADHD, ADHD-friendly motivation techniques"
adhd-need-for-connection.md,Unlock Joy: How ADHD Need for Connection Fuels Happiness!,"Discover how the ""ADHD need for connection"" can transform loneliness to joy in our blog. Feel seen, understood, and join a community that bounces along with you! üåü",adhd-need-for-connection,2025-05-03,ADHD Guides,"ADHD friendship needs, connecting with ADHD adults, ADHD emotional support, sharing ADHD experiences, finding connection with ADHD, understanding ADHD in adults, ADHD social interaction tips","ADHD friendship needs, connecting with ADHD adults, ADHD emotional support, sharing ADHD experiences, finding connection with ADHD, understanding ADHD in adults, ADHD social interaction tips"
adhd-need-for-reassurance.md,Find Comfort: How ADHD Need for Reassurance Can Help!,"Unlock the magic of understanding your 'adhd need for reassurance' with our cozy, insightful blog. Feel seen and uplifted as we explore why gentle nudges mean so much!",adhd-need-for-reassurance,2025-05-07,ADHD Guides,"ADHD reassurance needs, ADHD emotional support strategies, managing ADHD self-doubt, ADHD validation techniques, ADHD adults coping mechanisms, reassurance seeking in ADHD, positive reinforcement for ADHD","ADHD reassurance needs, ADHD emotional support strategies, managing ADHD self-doubt, ADHD validation techniques, ADHD adults coping mechanisms, reassurance seeking in ADHD, positive reinforcement for ADHD"
adhd-never-good-enough.md,Beat the 'ADHD Never Good Enough' Blues‚ÄîFind Joy!,"""Feeling like your 'ADHD never good enough'? Join us in Buzzlewood for a cozy, uplifting read that gets you and offers new strategies to play your best game!""",adhd-never-good-enough,2025-05-07,ADHD Guides,"ADHD perfectionism, feeling inadequate with ADHD, adult ADHD coping strategies, embracing imperfection ADHD, ADHD productivity tips, ADHD emotional support, ADHD playful advice","ADHD perfectionism, feeling inadequate with ADHD, adult ADHD coping strategies, embracing imperfection ADHD, ADHD productivity tips, ADHD emotional support, ADHD playful advice"
adhd-no-one-understands-me.md,Feel Heard: Unpacking 'ADHD No One Understands Me',"Feel like ""ADHD no one understands me""? Dive into a blog where your vibrant, bouncy-ball energy is celebrated, not shushed! Let's find that lost remote together and tune into a world that gets you.",adhd-no-one-understands-me,2025-05-03,ADHD Guides,"ADHD adult experiences, feeling misunderstood with ADHD, managing adult ADHD, ADHD emotional challenges, ADHD and social interactions, adult ADHD coping strategies, adult ADHD personal stories","ADHD adult experiences, feeling misunderstood with ADHD, managing adult ADHD, ADHD emotional challenges, ADHD and social interactions, adult ADHD coping strategies, adult ADHD personal stories"
adhd-nobody-gets-my-brain.md,Feel Understood: 'ADHD Nobody Gets My Brain' Unpacked!,"ADHD nobody gets my brain: Feel like ""ADHD, nobody gets my brain""? Dive into our blog where your unique mind is celebrated. Discover stories and insights that make you feel seen and valued. Join our cozy corner of understanding and upliftment!",adhd-nobody-gets-my-brain,2025-05-03,ADHD Guides,"ADHD creative minds, ADHD unique experiences, understanding ADHD brains, ADHD adult challenges, ADHD playful coping, ADHD validation stories, ADHD nobody understands","ADHD creative minds, ADHD unique experiences, understanding ADHD brains, ADHD adult challenges, ADHD playful coping, ADHD validation stories, ADHD nobody understands"
adhd-or-lazy.md,ADHD vs Laziness: How to Know the Difference (Free Quiz Inside),"Embark on a fun journey exploring 'ADHD vs laziness'. Playfully crack the mystery: could it be ADHD, or are you simply having a cozy lazy day!",adhd-or-lazy,2025-04-30,ADHD Guides,"ADHD, Neurodivergence","executive dysfunction, ADHD quiz, procrastination vs adhd"
adhd-over-apologizing.md,Stop Saying Sorry! Embrace ADHD Over Apologizing Now,"Discover why ""adhd over apologizing"" is more common than you think and how to embrace your quirks without guilt. Feel seen and uplifted with each word!",adhd-over-apologizing,2025-05-07,ADHD Guides,"ADHD over apologizing, managing over apologizing ADHD, ADHD apology habits, reducing unnecessary apologies ADHD, understanding ADHD social interactions, ADHD emotional regulation tips, coping with ADHD over apologizing","ADHD over apologizing, managing over apologizing ADHD, ADHD apology habits, reducing unnecessary apologies ADHD, understanding ADHD social interactions, ADHD emotional regulation tips, coping with ADHD over apologizing"
adhd-overcompensating.md,Unlock Joy: How ADHD Overcompensating Sparks Creativity!,"Discover the cozy side of ""ADHD overcompensating"" with our blog. Feel seen, understood, and uplifted as we explore the quirky charm of our ADHD superpowers together!",adhd-overcompensating,2025-05-03,ADHD Guides,"ADHD overcompensation strategies, managing ADHD impulsivity, ADHD and multitasking, adult ADHD coping mechanisms, hyperfocusing in ADHD, ADHD productivity tips, emotional regulation ADHD","ADHD overcompensation strategies, managing ADHD impulsivity, ADHD and multitasking, adult ADHD coping mechanisms, hyperfocusing in ADHD, ADHD productivity tips, emotional regulation ADHD"
adhd-overexplaining-yourself.md,End the Cycle: Embrace ADHD Overexplaining Yourself!,"Discover why ""ADHD overexplaining yourself"" is your superpower! Dive into our blog for a cozy chat that makes you feel seen and celebrated. Join us!",adhd-overexplaining-yourself,2025-05-03,ADHD Guides,"ADHD overexplaining symptoms, managing ADHD communication, ADHD storytelling challenges, embracing ADHD quirks, ADHD social interactions, ADHD and detailed conversations, understanding ADHD behavior","ADHD overexplaining symptoms, managing ADHD communication, ADHD storytelling challenges, embracing ADHD quirks, ADHD social interactions, ADHD and detailed conversations, understanding ADHD behavior"
adhd-panic-of-wasted-time.md,Beat ADHD Panic of Wasted Time: Unlock Joyful Focus!,"Feel the 'ADHD panic of wasted time'? This blog is your cozy corner where you're seen and uplifted. Let's bounce back from distraction, one playful hop at a time!",adhd-panic-of-wasted-time,2025-05-07,ADHD Guides,"ADHD time management tips, managing ADHD time panic, ADHD and time wastage, playful ADHD coping strategies, adult ADHD time management, ADHD emotional regulation, overcoming ADHD time anxiety","ADHD time management tips, managing ADHD time panic, ADHD and time wastage, playful ADHD coping strategies, adult ADHD time management, ADHD emotional regulation, overcoming ADHD time anxiety"
adhd-people-leave-me.md,Why ADHD People Leave Me: Unlocking Deep Bonds!,"Discover the warmth and understanding of ""adhd people leave me"" in our blog. Dive into cozy insights and playful tips that make you feel seen and cherished, even when the buzz gets too much!",adhd-people-leave-me,2025-05-07,ADHD Guides,"ADHD friendship dynamics, managing ADHD relationships, understanding ADHD behavior, coping with ADHD friends, ADHD communication strategies, playful approaches to ADHD, maintaining connections with ADHD","ADHD friendship dynamics, managing ADHD relationships, understanding ADHD behavior, coping with ADHD friends, ADHD communication strategies, playful approaches to ADHD, maintaining connections with ADHD"
adhd-people-pleasing.md,Unlock Joy: How ADHD People Pleasing Can Be a Gift!,"Discover the cozy world of ""ADHD people pleasing"" and find comfort in knowing you're not alone. This blog offers a warm hug of understanding and insights that uplift. Join us and feel seen!",adhd-people-pleasing,2025-05-03,ADHD Guides,"ADHD people pleasing strategies, managing ADHD in social settings, overcoming overcommitment with ADHD, ADHD validation and support, setting boundaries with ADHD, ADHD adult emotional regulation, ADHD and social exhaustion","ADHD people pleasing strategies, managing ADHD in social settings, overcoming overcommitment with ADHD, ADHD validation and support, setting boundaries with ADHD, ADHD adult emotional regulation, ADHD and social exhaustion"
adhd-people-think-im-stupid.md,"adhd people think im stupid: ""Feel Smarter: Beat the 'ADHD People Think I'm Stupid' Myth!""","adhd people think im stupid: ""Feel misunderstood? 'ADHD people think I'm stupid' explores how ADHD minds sparkle with creativity. Dive in and feel seen and celebrated!""",adhd-people-think-im-stupid,2025-05-07,ADHD Guides,"ADHD creativity in adults, ADHD misunderstood intelligence, ADHD thinking patterns, neurodiversity and ADHD, ADHD communication challenges, ADHD and social perception, celebrating ADHD minds","ADHD creativity in adults, ADHD misunderstood intelligence, ADHD thinking patterns, neurodiversity and ADHD, ADHD communication challenges, ADHD and social perception, celebrating ADHD minds"
adhd-perfectionism.md,Unlock Joy: Beat ADHD Perfectionism & Thrive!,Unlock the joy of 'ADHD perfectionism' with our cozy guide! Feel seen and uplifted as we dance through the chaos together. Let's make fun your new perfect!,adhd-perfectionism,2025-05-03,ADHD Guides,"ADHD perfectionism strategies, managing ADHD with joy, embracing imperfection ADHD, ADHD creativity tips, playful ADHD management, adult ADHD coping mechanisms, ADHD chaotic organization","ADHD perfectionism strategies, managing ADHD with joy, embracing imperfection ADHD, ADHD creativity tips, playful ADHD management, adult ADHD coping mechanisms, ADHD chaotic organization"
adhd-performative-productivity.md,Unlock Joy: ADHD Performative Productivity Secrets!,"Explore ""ADHD performative productivity"" and feel seen with our cozy, playful guide. Unpack the magic of working with ADHD in a way that uplifts and understands you! üé©‚ú®",adhd-performative-productivity,2025-05-03,ADHD Guides,"ADHD productivity strategies, ADHD work humor, performative productivity ADHD, ADHD multitasking challenges, playful ADHD coping, ADHD task management, ADHD whimsical productivity","ADHD productivity strategies, ADHD work humor, performative productivity ADHD, ADHD multitasking challenges, playful ADHD coping, ADHD task management, ADHD whimsical productivity"
adhd-productivity-shame.md,Beat ADHD Productivity Shame & Unleash Your Joy!,"Struggling with ADHD productivity shame? This cozy, playful blog offers a warm embrace of your vibrant mind. Feel seen and uplifted as we explore better ways to bounce through tasks together!",adhd-productivity-shame,2025-05-03,ADHD Guides,"ADHD productivity tips, overcoming ADHD shame, ADHD task management strategies, ADHD-friendly productivity hacks, managing ADHD distractions, celebrating ADHD differences, coping with ADHD productivity","ADHD productivity tips, overcoming ADHD shame, ADHD task management strategies, ADHD-friendly productivity hacks, managing ADHD distractions, celebrating ADHD differences, coping with ADHD productivity"
adhd-productivity-vs-possibility.md,Unlock Magic: ADHD Productivity vs Possibility!,"Explore ""ADHD productivity vs possibility"" and see how your vibrant mind isn't just busy‚Äîit's brilliantly explorative! Feel seen and uplifted with our insights.",adhd-productivity-vs-possibility,2025-05-07,ADHD Guides,"ADHD productivity strategies, embracing ADHD creativity, ADHD and imagination in adults, balancing ADHD tasks and dreams, ADHD mind exploration, productivity vs possibility ADHD, adult ADHD playful approaches","ADHD productivity strategies, embracing ADHD creativity, ADHD and imagination in adults, balancing ADHD tasks and dreams, ADHD mind exploration, productivity vs possibility ADHD, adult ADHD playful approaches"
adhd-quiz-for-teens.md,Free ADHD Quiz for Teens: Spot the Signs Early,"Take our super fun 'ADHD quiz for teens'! Explore your unique brain, chase curiosity, and make ADHD your superpower!",adhd-quiz-for-teens,2025-04-30,ADHD Guides,"ADHD, Neurodivergence","teen ADHD symptoms, ADHD self test teen, ADHD test high school"
adhd-rejection-sensitivity.md,Conquer ADHD Rejection Sensitivity: Feel Understood & Loved!,"Discover how to embrace your emotions with our guide on ""ADHD rejection sensitivity."" Feel seen, understood, and uplifted as we explore how to keep your colorful balloons close!",adhd-rejection-sensitivity,2025-05-03,ADHD Guides,"ADHD rejection sensitivity coping, managing emotional sensitivity ADHD, rejection sensitive dysphoria tips, adult ADHD friendship challenges, emotional regulation ADHD adults, ADHD social anxiety strategies, understanding ADHD emotional responses","ADHD rejection sensitivity coping, managing emotional sensitivity ADHD, rejection sensitive dysphoria tips, adult ADHD friendship challenges, emotional regulation ADHD adults, ADHD social anxiety strategies, understanding ADHD emotional responses"
adhd-relationships-hard.md,Unlock Joy: Why ADHD Relationships Hard Can Mean More Love!,"Struggling with 'ADHD relationships hard'? Our blog offers cozy, playful insights to help you juggle love's complexities and feel truly seen. Let's tackle ADHD together!",adhd-relationships-hard,2025-05-07,ADHD Guides,"ADHD relationship challenges, managing ADHD in relationships, ADHD communication strategies, fun ADHD relationship tips, understanding ADHD partners, playful ADHD relationship advice, ADHD relationship dynamics","ADHD relationship challenges, managing ADHD in relationships, ADHD communication strategies, fun ADHD relationship tips, understanding ADHD partners, playful ADHD relationship advice, ADHD relationship dynamics"
adhd-rest-anxiety.md,Ease ADHD Rest Anxiety: Snuggle into Calm & Play!,Struggling with ADHD rest anxiety? Dive into comforting insights that make your busy brain feel understood and cherished. Let's find your cozy rest spot together!,adhd-rest-anxiety,2025-05-03,ADHD Guides,"ADHD rest strategies, managing ADHD anxiety, relaxation techniques for ADHD, ADHD sleep tips, calming ADHD mind, ADHD and anxiety coping, ADHD friendly relaxation methods","ADHD rest strategies, managing ADHD anxiety, relaxation techniques for ADHD, ADHD sleep tips, calming ADHD mind, ADHD and anxiety coping, ADHD friendly relaxation methods"
adhd-rest-doesnt-recharge.md,ADHD rest doesnt recharge: ADHD Rest Doesn't Recharge? Find Joyful Solutions Here!,"ADHD rest doesnt recharge: Struggling because your 'ADHD rest doesn't recharge'? Dive into our blog to find cozy, playful strategies that help you feel seen and energized!",adhd-rest-doesnt-recharge,2025-05-03,ADHD Guides,"ADHD rest challenges, ADHD recharge strategies, non-traditional rest for ADHD, ADHD energy management, ADHD playful coping techniques, rest feels like work ADHD, creative rest solutions ADHD","ADHD rest challenges, ADHD recharge strategies, non-traditional rest for ADHD, ADHD energy management, ADHD playful coping techniques, rest feels like work ADHD, creative rest solutions ADHD"
adhd-rest-feels-like-failure.md,Beat Burnout: Why 'ADHD Rest Feels Like Failure' & How to Cope!,"Feeling stuck when you pause? Our blog on why 'ADHD rest feels like failure' offers a warm, cozy reassurance that it's okay to take a breather. You're not alone!",adhd-rest-feels-like-failure,2025-05-03,ADHD Guides,"ADHD rest guilt, feeling unproductive with ADHD, ADHD relaxation techniques, overcoming ADHD downtime guilt, ADHD and self-care strategies, managing ADHD rest periods, adult ADHD resting challenges","ADHD rest guilt, feeling unproductive with ADHD, ADHD relaxation techniques, overcoming ADHD downtime guilt, ADHD and self-care strategies, managing ADHD rest periods, adult ADHD resting challenges"
adhd-sabotaging-relationships.md,Unlock Love: Stop ADHD Sabotaging Relationships Now!,"Discover how ""ADHD sabotaging relationships"" isn't just you! Dive into insights and cozy tips to keep your relationship picnic peaceful and joyful. üåüüß∫",adhd-sabotaging-relationships,2025-05-07,ADHD Guides,"ADHD relationship challenges, managing ADHD in relationships, ADHD communication tips, improving focus in ADHD partnerships, ADHD and emotional connection, strategies for ADHD and dating, understanding ADHD in love","ADHD relationship challenges, managing ADHD in relationships, ADHD communication tips, improving focus in ADHD partnerships, ADHD and emotional connection, strategies for ADHD and dating, understanding ADHD in love"
adhd-sabotaging-success.md,Unlock Joy: Stop ADHD Sabotaging Success Today!,Struggling with ADHD sabotaging success? Dive into our blog where we understand the playful chaos of your mind and help turn it into your superpower. Let‚Äôs chase success together!,adhd-sabotaging-success,2025-05-07,ADHD Guides,"ADHD success strategies, overcoming ADHD in adults, ADHD focus tips, managing ADHD distractions, ADHD and career success, playful ADHD coping, ADHD productivity hacks","ADHD success strategies, overcoming ADHD in adults, ADHD focus tips, managing ADHD distractions, ADHD and career success, playful ADHD coping, ADHD productivity hacks"
adhd-scared-of-commitment.md,"ADHD scared of commitment: ""Unlock Love: Overcome ADHD Fear of Commitment Today!""",Feeling like commitment is a giant acorn? Our blog on 'ADHD scared of commitment' offers cozy insights to make you feel seen and cheered on. Let's explore together!,adhd-scared-of-commitment,2025-05-07,ADHD Guides,"ADHD fear of commitment, ADHD relationship challenges, managing ADHD in relationships, ADHD commitment strategies, ADHD and emotional connections, overcoming ADHD relationship fears, ADHD adults and commitment issues","ADHD fear of commitment, ADHD relationship challenges, managing ADHD in relationships, ADHD commitment strategies, ADHD and emotional connections, overcoming ADHD relationship fears, ADHD adults and commitment issues"
adhd-secret-anxiety.md,Unlock the 'ADHD Secret Anxiety' ‚Äì Find Joy & Calm Today!,Explore the cozy corners of 'ADHD secret anxiety' with us! Find comfort and understanding as we unveil the quiet worries of ADHD minds. Let's find your flower together!,adhd-secret-anxiety,2025-05-03,ADHD Guides,"ADHD and anxiety in adults, managing ADHD anxiety, hidden anxiety in ADHD, ADHD secret stress, coping with ADHD anxiety, adult ADHD emotional challenges, playful approaches to ADHD anxiety","ADHD and anxiety in adults, managing ADHD anxiety, hidden anxiety in ADHD, ADHD secret stress, coping with ADHD anxiety, adult ADHD emotional challenges, playful approaches to ADHD anxiety"
adhd-self-assessment-pdf.md,Printable ADHD Self-Assessment PDF,"Spin joyfully into our ADHD Self-Assessment PDF treasure hunt. It's an engaging, fun-filled guide to unravel your ADHD traits. Join us!",adhd-self-assessment-pdf,2025-04-30,ADHD Guides,"ADHD, Neurodivergence","ADHD checklist pdf, self assessment ADHD printable"
adhd-self-sabotage.md,"Beat ADHD Self Sabotage: Unlock a Happier, Smoother Life!","Explore how ""ADHD self sabotage"" feels like juggling colorful tasks, and drop the guilt! Our blog offers cozy insights and playful strategies to keep you smiling through the chaos. Feel seen and uplifted with us!",adhd-self-sabotage,2025-05-03,ADHD Guides,"ADHD self-sabotage strategies, overcoming ADHD procrastination, managing ADHD distractions, playful ADHD coping techniques, adult ADHD task management, ADHD emotional support, ADHD productivity tips","ADHD self-sabotage strategies, overcoming ADHD procrastination, managing ADHD distractions, playful ADHD coping techniques, adult ADHD task management, ADHD emotional support, ADHD productivity tips"
adhd-shiny-object-syndrome.md,Conquer ADHD Shiny Object Syndrome & Spark Joy!,Explore 'ADHD Shiny Object Syndrome' with us and feel understood! Discover how each sparkle enhances your unique galaxy of wonders. Let's go star-catching together!,adhd-shiny-object-syndrome,2025-05-07,ADHD Guides,"ADHD shiny object syndrome, managing ADHD distractions, ADHD interest exploration, ADHD and curiosity, playful ADHD coping strategies, adult ADHD playful tone, ADHD emotional themes","ADHD shiny object syndrome, managing ADHD distractions, ADHD interest exploration, ADHD and curiosity, playful ADHD coping strategies, adult ADHD playful tone, ADHD emotional themes"
adhd-silent-struggles.md,Unlock Joy: Embrace the ADHD Silent Struggles Today!,"""Dive into our blog on 'ADHD silent struggles' and feel understood. We're here to help you turn down the noise and catch calm, just like finding a cozy remote for your thoughts!""",adhd-silent-struggles,2025-05-07,ADHD Guides,"ADHD silent struggles, managing ADHD distractions, ADHD adult coping strategies, ADHD emotional challenges, ADHD playful support, ADHD focus techniques, ADHD multitasking difficulties","ADHD silent struggles, managing ADHD distractions, ADHD adult coping strategies, ADHD emotional challenges, ADHD playful support, ADHD focus techniques, ADHD multitasking difficulties"
adhd-social-anxiety-layer.md,Unwrap the ADHD Social Anxiety Layer ‚Äì Find Joy & Ease!,Explore the 'ADHD social anxiety layer' with us and discover cozy corners of understanding. Feel seen and hop along on an uplifting journey to social calm!,adhd-social-anxiety-layer,2025-05-03,ADHD Guides,"ADHD social anxiety tips, managing ADHD in social settings, ADHD adult social strategies, coping with ADHD social anxiety, ADHD playful coping techniques, social anxiety in ADHD adults, navigating social interactions with ADHD","ADHD social anxiety tips, managing ADHD in social settings, ADHD adult social strategies, coping with ADHD social anxiety, ADHD playful coping techniques, social anxiety in ADHD adults, navigating social interactions with ADHD"
adhd-social-burnout.md,Beat ADHD Social Burnout: Stay Energized & Connected!,"Feeling overwhelmed? Our blog on ""ADHD social burnout"" is a cozy corner for understanding and tips to recharge. Sit with us, feel seen, and find your calm amidst the chaos.",adhd-social-burnout,2025-05-03,ADHD Guides,"ADHD social burnout tips, managing social energy with ADHD, social fatigue in adults with ADHD, coping with ADHD social overwhelm, navigating ADHD social interactions, strategies for ADHD social exhaustion, preventing burnout in ADHD adults","ADHD social burnout tips, managing social energy with ADHD, social fatigue in adults with ADHD, coping with ADHD social overwhelm, navigating ADHD social interactions, strategies for ADHD social exhaustion, preventing burnout in ADHD adults"
adhd-starting-everything.md,Unlock Joy: Master ADHD Starting Everything Today!,"Discover the charm of ""ADHDstarting everything"" with our blog! A cozy spot where starting feels like magic and every new project is a celebration. Feel seen and uplifted in our understanding community!",adhd-starting-everything,2025-05-07,ADHD Guides,"ADHD project initiation, starting new projects with ADHD, ADHD and task switching, managing multiple projects ADHD, ADHD enthusiasm for new tasks, ADHD starting new hobbies, embracing ADHD creativity","ADHD project initiation, starting new projects with ADHD, ADHD and task switching, managing multiple projects ADHD, ADHD enthusiasm for new tasks, ADHD starting new hobbies, embracing ADHD creativity"
adhd-struggles-with-balance.md,Find Harmony: Beat ADHD Struggles with Balance Now!,Feeling like you're juggling flamingo-shaped balloons? Our blog on 'ADHD struggles with balance' offers warm insights to help you feel seen and celebrated. Let's dance through this together!,adhd-struggles-with-balance,2025-05-03,ADHD Guides,"ADHD balance struggles, managing ADHD tasks, ADHD task juggling, ADHD life balance tips, ADHD focus challenges, playful ADHD coping, ADHD task management strategies","ADHD balance struggles, managing ADHD tasks, ADHD task juggling, ADHD life balance tips, ADHD focus challenges, playful ADHD coping, ADHD task management strategies"
adhd-test-for-adults.md,Take Our Free ADHD Test for Adults,"Unleash curiosity with our breezy ADHD test for adults! Playful, speedy and tailored for your vibrant mind. Start your discovery journey today!",adhd-test-for-adults,2025-04-30,ADHD Guides,"ADHD, Neurodivergence","ADHD adult quiz, ADHD symptoms in adults, executive dysfunction test"
adhd-test-for-women-free.md,Free ADHD Test for Women ‚Äì No Sign-up Needed,"Spice up your day with our ADHD test for women-free version! Fun, quick, and designed just for you. Let's adventure together!",adhd-test-for-women-free,2025-04-30,ADHD Guides,"ADHD, Neurodivergence","ADHD female quiz free, women with adhd, self test for ADHD women"
adhd-test-for-women.md,Free ADHD Test for Women ‚Äì Discover Your Symptoms Fast,"Join the fun as we navigate the whirlwind of taking an ADHD test for women! Easy, quick, undaunting - a friendly guide through chaos.",adhd-test-for-women,2025-04-30,ADHD Guides,"ADHD, Neurodivergence","ADHD in women, women ADHD quiz, ADHD self test female"
adhd-test-online.md,Free Online ADHD Test (Backed by Science),"Unlock the fun in taking our ADHD test online free! Easy, engaging, geared for peppy minds. Become your own ADHD superhero in just clicks!",adhd-test-online,2025-04-30,ADHD Guides,"ADHD, Neurodivergence","ADHD test, ADHD online quiz, ADHD self assessment, free ADHD test"
adhd-too-emotional.md,Unlock Joy: How ADHD Too Emotional Enhances Life!,"Explore why feeling ""adhd too emotional"" is like juggling playful balloons. This cozy read offers laughs, tears, and heartwarming insights to make you feel seen and cherished. Join us for a giggle!",adhd-too-emotional,2025-05-07,ADHD Guides,"ADHD emotional regulation, managing ADHD emotions, ADHD mood swings, emotional dysregulation ADHD, ADHD emotional sensitivity, ADHD emotional challenges, ADHD feelings management","ADHD emotional regulation, managing ADHD emotions, ADHD mood swings, emotional dysregulation ADHD, ADHD emotional sensitivity, ADHD emotional challenges, ADHD feelings management"
adhd-too-much-for-others.md,"adhd too much for others: ""Feel Loved: Navigating When ADHD Seems Too Much!""","Discover why ""ADHD too much for others"" doesn't mean you're too much! Dive into our blog for a cozy, playful guide to finding those who cherish your vibrant mind. Feel seen and celebrated, just as you are!",adhd-too-much-for-others,2025-05-07,ADHD Guides,"ADHD relationships, managing ADHD in social settings, ADHD and friendship challenges, connecting with others with ADHD, ADHD social skills, ADHD acceptance, ADHD too much for others","ADHD relationships, managing ADHD in social settings, ADHD and friendship challenges, connecting with others with ADHD, ADHD social skills, ADHD acceptance, ADHD too much for others"
adhd-too-weird-to-be-loved.md,Feel Unique & Loved: Embrace Your 'ADHD Too Weird to Be Loved',Feeling like your 'ADHD too weird to be loved'? Explore our blog where you'll find magical insights and cozy stories to make you feel seen and cherished. Let's celebrate your unique flicker together!,adhd-too-weird-to-be-loved,2025-05-03,ADHD Guides,"ADHD emotional acceptance, embracing ADHD uniqueness, ADHD and self-love, ADHD creative expression, ADHD too weird to be loved, celebrating ADHD differences, ADHD adults' stories","ADHD emotional acceptance, embracing ADHD uniqueness, ADHD and self-love, ADHD creative expression, ADHD too weird to be loved, celebrating ADHD differences, ADHD adults' stories"
adhd-toxic-productivity-cycle.md,Escape the ADHD Toxic Productivity Cycle ‚Äì Find Joy!,Break free from the ADHD toxic productivity cycle with our blog! Discover playful insights and cozy validation to help you bounce back at your own joyful pace. Feel seen and uplifted today!,adhd-toxic-productivity-cycle,2025-05-03,ADHD Guides,"ADHD productivity tips, overcoming ADHD perfectionism, ADHD energy management, managing ADHD tasks, breaking ADHD productivity cycle, ADHD and self-acceptance, ADHD playful productivity strategies","ADHD productivity tips, overcoming ADHD perfectionism, ADHD energy management, managing ADHD tasks, breaking ADHD productivity cycle, ADHD and self-acceptance, ADHD playful productivity strategies"
adhd-trauma-from-teachers.md,Heal Your Heart: Overcoming ADHD Trauma from Teachers,"Explore healing from ""adhd trauma from teachers"" with our blog. Feel seen and celebrated as we transform school memories into empowering stories. Join us for a cozy, understanding journey!",adhd-trauma-from-teachers,2025-05-07,ADHD Guides,"ADHD classroom experiences, ADHD teacher support, overcoming ADHD stigma, ADHD coping strategies in school, ADHD emotional trauma, teacher impact on ADHD, playful ADHD learning techniques","ADHD classroom experiences, ADHD teacher support, overcoming ADHD stigma, ADHD coping strategies in school, ADHD emotional trauma, teacher impact on ADHD, playful ADHD learning techniques"
adhd-unfinished-projects.md,End ADHD Unfinished Projects ‚Äì Embrace Your Creativity!,Dive into the cozy world of 'ADHD unfinished projects' and find solace knowing your creative chaos is a unique kind of beautiful. Let‚Äôs bloom together!,adhd-unfinished-projects,2025-05-03,ADHD Guides,"ADHD unfinished projects, managing ADHD craft projects, ADHD and creative blocks, ADHD project completion tips, embracing ADHD project chaos, ADHD motivational strategies, ADHD and project follow-through","ADHD unfinished projects, managing ADHD craft projects, ADHD and creative blocks, ADHD project completion tips, embracing ADHD project chaos, ADHD motivational strategies, ADHD and project follow-through"
adhd-validation-hunger.md,Feed Your ADHD Validation Hunger: Feel Seen & Loved!,Dive into our blog on 'ADHD validation hunger' and discover how to toss your own candy‚Äîfeeling seen and celebrated in every jump and tumble!,adhd-validation-hunger,2025-05-03,ADHD Guides,"ADHD validation strategies, ADHD emotional support, celebrating ADHD wins, ADHD understanding needs, ADHD positive reinforcement, ADHD self-validation techniques, ADHD peer support","ADHD validation strategies, ADHD emotional support, celebrating ADHD wins, ADHD understanding needs, ADHD positive reinforcement, ADHD self-validation techniques, ADHD peer support"
adhd-vs-autism.md,"ADHD vs Autism: Key Differences, Overlaps, and How They Feel","Confused about ADHD vs Autism? Discover how they overlap, differ, and what it means for you. Gentle, hopeful guidance. Free ADHD quiz included.",adhd-vs-autism,2024-04-25,ADHD Guides,"ADHD, Autism, Neurodivergence, Mental Health, Self-Discovery","ADHD vs autism, difference between ADHD and autism, ADHD and autism overlap"
adhd-want-love-but-hide.md,"adhd want love but hide: ""Unlock Love: Why ADHD Makes Us Hide But Still Want It!""","Discover why ""adhd want love but hide"" in our heartfelt blog. A cozy read that helps you feel seen and provides insights into navigating emotions playfully and safely. Ready to feel understood?",adhd-want-love-but-hide,2025-05-07,ADHD Guides,"ADHD relationships and intimacy, ADHD emotional connection, hiding feelings with ADHD, seeking love with ADHD, managing social anxiety ADHD, ADHD dating challenges, finding love with ADHD","ADHD relationships and intimacy, ADHD emotional connection, hiding feelings with ADHD, seeking love with ADHD, managing social anxiety ADHD, ADHD dating challenges, finding love with ADHD"
adhd-want-to-do-everything.md,"ADHD want to do everything: ""Unlock Joy: Why ADHD Makes You Want to Do Everything!""","Explore why 'ADHD want to do everything' feels so real. This cozy blog offers warm insights, making you feel seen and understood in your vibrant ADHD world.",adhd-want-to-do-everything,2025-05-07,ADHD Guides,"ADHD multiple interests, managing ADHD excitement, ADHD project starting, ADHD focus strategies, ADHD creative ideas, embracing ADHD curiosity, ADHD playful learning","ADHD multiple interests, managing ADHD excitement, ADHD project starting, ADHD focus strategies, ADHD creative ideas, embracing ADHD curiosity, ADHD playful learning"
adhd-wasting-potential.md,Unlock Your Magic: Stop ADHD Wasting Potential Now!,"Discover the truth behind ""ADHD wasting potential"" and feel empowered! Our blog offers cozy insights and playful validation to help you find your perfect key. Let's race to possibilities together!",adhd-wasting-potential,2025-05-03,ADHD Guides,"ADHD and unrealized potential, finding focus with ADHD, managing ADHD distractions, ADHD creativity challenges, ADHD support strategies, maximizing potential with ADHD, ADHD motivational techniques","ADHD and unrealized potential, finding focus with ADHD, managing ADHD distractions, ADHD creativity challenges, ADHD support strategies, maximizing potential with ADHD, ADHD motivational techniques"
adhd-why-cant-i-love-myself.md,"adhd why cant i love myself: ""Unlock Self-Love: Why ADHD Can't Dim Your Spark!""","Discover the magic of self-acceptance with ""adhd why cant i love myself."" Feel seen, understood, and uplifted as you learn to dance to your own buzzy bee rhythm. Join us and find your cozy nook!",adhd-why-cant-i-love-myself,2025-05-07,ADHD Guides,"ADHD self-acceptance, ADHD self-love challenges, managing ADHD in adulthood, ADHD emotional regulation, ADHD and self-esteem, ADHD personal stories, ADHD creative expression","ADHD self-acceptance, ADHD self-love challenges, managing ADHD in adulthood, ADHD emotional regulation, ADHD and self-esteem, ADHD personal stories, ADHD creative expression"
adhd-why-success-feels-fake.md,ADHD why success feels fake: Unlock Real Joy: Why ADHD Makes Success Feel Fake!,"ADHD why success feels fake: Explore why with ADHD, why success feels fake, and how to cherish your wins. Dive into a blog that understands and uplifts you, making every achievement truly yours.",adhd-why-success-feels-fake,2025-05-03,ADHD Guides,"ADHD and imposter syndrome, ADHD success feels fake, celebrating ADHD achievements, invisible trophies ADHD, understanding ADHD emotional themes, ADHD adult success perception, ADHD and self-doubt","ADHD and imposter syndrome, ADHD success feels fake, celebrating ADHD achievements, invisible trophies ADHD, understanding ADHD emotional themes, ADHD adult success perception, ADHD and self-doubt"
adhd-wired-but-tired.md,Unlock Energy: Cozy Up with 'ADHD Wired But Tired' Tips!,"Feeling 'ADHD wired but tired'? Dive into our blog for cozy chats and uplifting insights. It's a warm, playful space where your buzzing mind feels right at home!",adhd-wired-but-tired,2025-05-03,ADHD Guides,"ADHD wired but tired, ADHD energy management, ADHD sleep issues, ADHD playful coping, ADHD creative strategies, adult ADHD lifestyle tips, managing ADHD fatigue","ADHD wired but tired, ADHD energy management, ADHD sleep issues, ADHD playful coping, ADHD creative strategies, adult ADHD lifestyle tips, managing ADHD fatigue"
adhd-working-hard-to-fit-in.md,Find Joy & Ease: ADHD Working Hard to Fit In,"Explore 'ADHD working hard to fit in' and feel the embrace of understanding. Discover how our playful insights uplift and validate your journey. Join us, it‚Äôs okay to wobble!",adhd-working-hard-to-fit-in,2025-05-03,ADHD Guides,"ADHD fitting in strategies, ADHD social challenges, managing ADHD in social settings, ADHD coping techniques, adult ADHD emotional support, ADHD validation stories, ADHD playful coping","ADHD fitting in strategies, ADHD social challenges, managing ADHD in social settings, ADHD coping techniques, adult ADHD emotional support, ADHD validation stories, ADHD playful coping"
adhd-working-to-prove-worth.md,"adhd working to prove worth: ""Win at Work: Let ADHD Fuel Your Quest for Success!""",Explore 'ADHD working to prove worth' in a cozy blog that understands your unique hops and leaps. Feel uplifted as you discover how each jump showcases your worth!,adhd-working-to-prove-worth,2025-05-07,ADHD Guides,"ADHD proving worth at work, ADHD productivity strategies, ADHD workplace success, ADHD and self-esteem, celebrating ADHD strengths, ADHD motivation techniques, ADHD and overcoming challenges","ADHD proving worth at work, ADHD productivity strategies, ADHD workplace success, ADHD and self-esteem, celebrating ADHD strengths, ADHD motivation techniques, ADHD and overcoming challenges"
